<settings>
    <locale>
        <charset default="false">CP1255</charset>
        <country default="false">ISRAEL (24h)</country>
        <language default="false">Hebrew</language>
        <subtitlelanguage default="false">Hebrew</subtitlelanguage>
        <timezone default="false">Asia/Jerusalem</timezone>
        <timezonecountry default="false">Israel</timezonecountry>
    </locale>
    <lookandfeel>
        <font default="false">arial</font>
    </lookandfeel>
    <scrapers>
        <moviesdefault default="false">metadata.hebmovies.wiz</moviesdefault>
		<tvshowsdefault default="false">metadata.hebtv.thewiz</tvshowsdefault>
    </scrapers>
    <services>
        <devicename default="false">KODI-TheWiz</devicename>
        <webserver default="false">true</webserver>
    </services>
    <subtitles>
        <languages default="false">Hebrew</languages>
        <charset default="false">CP1255</charset>
    </subtitles>
    <pvrmanager>
        <enabled default="false">true</enabled>
    </pvrmanager>
    <videolibrary>
        <updateonstartup default="false">true</updateonstartup>
    </videolibrary>
    <weather>
        <addon default="false">weather.yahoo</addon>
    </weather>
</settings>