<settings>
    <addons>
        <unknownsources default="false">true</unknownsources>
    </addons>
    <locale>
        <charset default="false">CP1255</charset>
        <country default="false">Israel</country>
        <language default="false">resource.language.he_il</language>
    </locale>
    <lookandfeel>
        <font default="false">Arial</font>
    </lookandfeel>
    <scrapers>
        <moviesdefault default="false">metadata.themoviedb.org</moviesdefault>
        <tvshowsdefault default="false">metadata.tvdb.com</tvshowsdefault>
    </scrapers>
    <services>
        <devicename default="false">KODI-TheWiz</devicename>
        <webserver default="false">true</webserver>
    </services>
    <subtitles>
        <charset default="false">CP1255</charset>
        <languages default="false">Hebrew</languages>
		<downloadfirst default="false">true</downloadfirst>
		<movie default="false">service.subtitles.thewiz</movie>
		<tv default="false">service.subtitles.thewiz</tv>
    </subtitles>
    <videolibrary>
        <updateonstartup default="false">true</updateonstartup>
    </videolibrary>
    <weather>
        <addon default="false">weather.yahoo</addon>
    </weather>
</settings>