<?xml version="1.0" encoding="UTF-8" standalone="yes"?>
    <addon id="service.thewiz.wizard" name="TheWiz Media Wizard" version="1.0.8" provider-name="TheWiz ,Blazetamer">
    <requires>
        <import addon="xbmc.python" version="2.1.0"/>
		<import addon="script.module.requests" version="2.4.3" />
    </requires>
    <extension point="xbmc.service" library="service.py" start="login"/>
    <extension point="xbmc.addon.metadata">
        <summary></summary>
        <description></description>
        <disclaimer></disclaimer>
        <language>he</language>
        <platform>all</platform>
        <forum></forum>
        <website></website>
        <source></source>
        <email></email>
    </extension>
</addon>